file,functions,sum_ccn,max_ccn,avg_ccn,over20,nloc
src/nxt_unit.c,171,839,34,4.91,4,4865
src/nxt_router.c,131,741,86,5.66,3,4432
src/nxt_conf_validation.c,102,467,23,4.58,3,2158
src/nxt_conf.c,57,417,54,7.32,6,1747
src/nxt_h1proto.c,68,322,37,4.74,2,1813
src/nxt_controller.c,45,295,39,6.56,3,1754
src/nxt_http_route.c,42,277,32,6.60,3,1340
src/nxt_http_static.c,26,272,71,10.46,4,1213
src/nxt_http_request.c,41,244,20,5.95,0,999
src/nxt_port_socket.c,42,229,34,5.45,3,1158
src/nxt_runtime.c,47,228,32,4.85,2,1299
src/nxt_isolation.c,23,206,32,8.96,2,833
src/nxt_http_parse.c,16,189,64,11.81,2,810
src/nxt_main_process.c,27,185,23,6.85,3,1022
src/nxt_application.c,32,176,22,5.50,1,943
src/nxt_cert.c,23,157,25,6.83,1,891
src/nxt_sockaddr.c,18,140,22,7.78,1,576
src/nxt_process.c,31,139,15,4.48,0,746
src/nxt_http_compression.c,18,138,34,7.67,1,630
src/nxt_php_sapi.c,22,136,13,6.18,0,614
src/nxt_string.c,22,127,23,5.77,1,527
src/nxt_epoll_engine.c,31,117,23,3.77,1,545
src/nxt_file.c,32,115,16,3.59,0,504
src/nxt_otel.c,25,112,15,4.48,0,441
src/nxt_port_memory.c,17,112,11,6.59,0,637
src/nxt_port.c,27,111,23,4.11,1,608
src/nxt_h1proto_websocket.c,17,109,26,6.41,2,567
src/nxt_mp.c,31,107,12,3.45,0,546
src/nxt_kqueue_engine.c,32,104,28,3.25,1,550
src/nxt_sprintf.c,4,101,82,25.25,1,438
src/nxt_lvlhsh.c,21,97,13,4.62,0,512
src/nxt_time_parse.c,2,89,57,44.50,2,335
src/nxt_var.c,17,88,14,5.18,0,402
src/nxt_java.c,10,85,37,8.50,1,497
src/nxt_conn_write.c,12,80,21,6.67,1,339
src/nxt_event_engine.c,21,80,11,3.81,0,444
src/nxt_conn_proxy.c,27,77,9,2.85,0,478
src/nxt_http_variables.c,25,75,14,3.00,0,435
src/nxt_script.c,18,75,16,4.17,0,467
src/nxt_poll_engine.c,22,73,20,3.32,0,367
src/nxt_eventport_engine.c,21,70,25,3.33,1,336
src/nxt_socket.c,11,69,13,6.27,0,220
src/nxt_sendbuf.c,9,67,14,7.44,0,284
src/nxt_pollset_engine.c,19,66,17,3.47,0,352
src/nxt_devpoll_engine.c,19,65,17,3.42,0,351
src/nxt_clone.c,6,62,30,10.33,1,295
src/nxt_router_access_log.c,15,61,10,4.07,0,374
src/nxt_capability.c,9,58,18,6.44,0,235
src/nxt_http_route_addr.c,2,56,52,28.00,1,241
src/nxt_tstr.c,12,56,12,4.67,0,217
src/nxt_js.c,12,54,9,4.50,0,326
src/nxt_port_rpc.c,20,54,7,2.70,0,380
src/nxt_thread_time.c,12,54,17,4.50,0,226
src/nxt_http_chunk_parse.c,3,51,45,17.00,1,225
src/nxt_listen_socket.c,6,51,31,8.50,1,219
src/nxt_parse.c,6,50,15,8.33,0,193
src/nxt_rbtree.c,12,47,10,3.92,0,275
src/nxt_http_set_headers.c,5,45,20,9.00,0,176
src/nxt_select_engine.c,15,45,14,3.00,0,200
src/nxt_credential.c,5,43,11,8.60,0,203
src/nxt_cgroup.c,6,41,11,6.83,0,177
src/nxt_http_js.c,10,39,7,3.90,0,216
src/nxt_http_proxy.c,19,37,6,1.95,0,266
src/nxt_socket_msg.h,5,37,19,7.40,0,112
src/nxt_buf.c,13,35,6,2.69,0,207
src/nxt_conn_accept.c,11,35,7,3.18,0,230
src/nxt_conn_read.c,4,35,14,8.75,0,161
src/nxt_utf8.c,6,34,12,5.67,0,161
src/nxt_fs_mount.c,4,33,18,8.25,0,163
src/nxt_timer.c,9,33,7,3.67,0,193
src/nxt_file_name.c,1,32,32,32.00,1,131
src/nxt_thread_pool.c,8,32,10,4.00,0,187
src/nxt_buf_pool.c,5,31,8,6.20,0,123
src/nxt_socketpair.c,5,31,12,6.20,0,129
src/nxt_conn.c,8,30,7,3.75,0,156
src/nxt_semaphore.c,8,27,11,3.38,0,130
src/nxt_work_queue.c,11,27,4,2.45,0,168
src/nxt_linux_sendfile.c,4,26,13,6.50,0,136
src/nxt_openssl.c,3,26,22,8.67,1,101
src/nxt_thread.c,10,26,7,2.60,0,140
src/nxt_http_return.c,4,25,12,6.25,0,126
src/nxt_external.c,2,23,19,11.50,0,134
src/nxt_conn_connect.c,6,22,6,3.67,0,122
src/nxt_process_title.c,3,22,14,7.33,0,118
src/nxt_solaris_sendfilev.c,2,22,13,11.00,0,103
src/nxt_status.c,1,22,22,22.00,1,164
src/nxt_upstream_round_robin.c,3,22,11,7.33,0,115
src/nxt_malloc.c,10,21,5,2.10,0,118
src/nxt_random.c,7,21,9,3.00,0,108
src/nxt_array.c,6,20,6,3.33,0,92
src/nxt_signal.c,6,20,7,3.33,0,104
src/nxt_app_nncq.h,12,20,5,1.67,0,92
src/nxt_nncq.h,12,20,5,1.67,0,89
src/nxt_nvbcq.h,9,20,6,2.22,0,78
src/nxt_pcre2.c,5,19,11,3.80,0,101
src/nxt_time.c,17,19,2,1.12,0,116
src/nxt_test_build.c,18,18,1,1.00,0,75
src/nxt_http_response.c,5,17,10,3.40,0,75
src/nxt_http_websocket.c,2,17,14,8.50,0,111
src/nxt_upstream.c,4,17,7,4.25,0,97
src/nxt_lib.c,2,16,15,8.00,0,69
src/nxt_service.c,3,16,7,5.33,0,76
src/nxt_port_memory_int.h,7,16,5,2.29,0,77
src/nxt_aix_send_file.c,1,15,15,15.00,0,76
src/nxt_freebsd_sendfile.c,2,15,14,7.50,0,84
src/nxt_hpux_sendfile.c,2,15,14,7.50,0,78
src/nxt_macosx_sendfile.c,2,15,14,7.50,0,86
src/nxt_errno.c,3,14,12,4.67,0,64
src/nxt_log.c,3,14,10,4.67,0,51
src/nxt_thread_mutex.c,5,14,5,2.80,0,77
src/nxt_websocket.c,7,14,4,2.00,0,81
src/nxt_conn_close.c,5,13,6,2.60,0,89
src/nxt_pcre.c,5,13,6,2.60,0,73
src/nxt_http.h,5,13,4,2.60,0,57
src/nxt_app_log.c,3,12,10,4.00,0,50
src/nxt_fs.c,3,12,6,4.00,0,51
src/nxt_list.c,4,12,5,3.00,0,63
src/nxt_port_hash.c,6,12,4,2.00,0,81
src/nxt_fd_event.c,6,11,3,1.83,0,57
src/nxt_http_rewrite.c,2,11,9,5.50,0,56
src/nxt_sha1.c,4,11,4,2.75,0,198
src/nxt_spinlock.c,4,11,5,2.75,0,46
src/nxt_thread_cond.c,4,11,5,2.75,0,67
src/nxt_app_queue.h,5,11,4,2.20,0,66
src/nxt_http_parse.h,3,11,5,3.67,0,53
src/nxt_recvbuf.c,2,9,5,4.50,0,48
src/nxt_thread_id.h,8,9,2,1.12,0,46
src/nxt_brotli.c,3,8,5,2.67,0,46
src/nxt_log_moderation.c,2,8,6,4.00,0,55
src/nxt_zlib.c,4,8,5,2.00,0,39
src/nxt_port_queue.h,3,8,3,2.67,0,51
src/nxt_http_error.c,2,7,5,3.50,0,49
src/nxt_zstd.c,3,7,4,2.33,0,34
src/nxt_list.h,2,7,4,3.50,0,29
src/nxt_gmtime.c,1,6,6,6.00,0,41
src/nxt_murmur_hash.c,2,6,5,3.00,0,55
src/nxt_buf.h,4,6,3,1.50,0,20
src/nxt_rbtree.h,2,6,4,3.00,0,21
src/nxt_socket_msg.c,2,5,3,2.50,0,37
src/nxt_websocket_accept.c,2,5,4,2.50,0,42
src/nxt_port.h,3,5,3,1.67,0,22
src/nxt_djb_hash.c,2,4,2,2.00,0,26
src/nxt_mem_map.c,2,4,2,2.00,0,22
src/nxt_signal_handlers.c,4,4,1,1.00,0,21
src/nxt_tstr.h,1,4,4,4.00,0,16
src/nxt_main.c,1,3,3,3.00,0,16
src/nxt_hash.h,3,3,1,1.00,0,17
src/nxt_array.h,2,2,1,1.00,0,11
src/nxt_clang.h,1,2,2,2.00,0,8
src/nxt_router.h,1,2,2,2.00,0,6
src/nxt_string.h,1,2,2,2.00,0,7
src/nxt_unit_sptr.h,2,2,1,1.00,0,8
src/nxt_event_engine.h,1,1,1,1.00,0,6
src/nxt_thread_log.h,1,1,1,1.00,0,6
src/nxt_timer.h,1,1,1,1.00,0,5
